{
    "ED": {
        "aquaint": {
            "gpt-3.5-turbo-0613": 0.196137,
            "gpt-4-0613": 3.92274,
            "gpt-3.5-turbo-0301": 0.196137,
            "gpt-3.5-turbo-instruct-0914": 0.196137,
            "davinci-002": 0.26151599999999997,
            "text-davinci-003": 2.82606
        },
        "msnbc": {
            "gpt-3.5-turbo-0613": 0.181629,
            "gpt-4-0613": 3.63258,
            "gpt-3.5-turbo-0301": 0.181629,
            "gpt-3.5-turbo-instruct-0914": 0.181629,
            "davinci-002": 0.242172,
            "text-davinci-003": 2.61702
        },
        "ace2004": {
            "gpt-3.5-turbo-0613": 0.06696,
            "gpt-4-0613": 1.3392,
            "gpt-3.5-turbo-0301": 0.06696,
            "gpt-3.5-turbo-instruct-0914": 0.06696,
            "davinci-002": 0.08928,
            "text-davinci-003": 0.9648
        },
        "wiki": {
            "gpt-3.5-turbo-0613": 1.901106,
            "gpt-4-0613": 38.02212,
            "gpt-3.5-turbo-0301": 1.901106,
            "gpt-3.5-turbo-instruct-0914": 1.901106,
            "davinci-002": 2.534808,
            "text-davinci-003": 27.39228
        },
        "aida": {
            "gpt-3.5-turbo-0613": 1.251315,
            "gpt-4-0613": 25.0263,
            "gpt-3.5-turbo-0301": 1.251315,
            "gpt-3.5-turbo-instruct-0914": 1.251315,
            "davinci-002": 1.66842,
            "text-davinci-003": 18.029700000000002
        },
        "clueweb": {
            "gpt-3.5-turbo-0613": 3.0996900000000003,
            "gpt-4-0613": 61.9938,
            "gpt-3.5-turbo-0301": 3.0996900000000003,
            "gpt-3.5-turbo-instruct-0914": 3.0996900000000003,
            "davinci-002": 4.1329199999999995,
            "text-davinci-003": 44.6622
        }
    },
    "IE": {
        "synthie": {
            "gpt-3.5-turbo-0613": 0.6315000000000001,
            "gpt-4-0613": 12.629999999999999,
            "gpt-3.5-turbo-0301": 0.6315000000000001,
            "gpt-3.5-turbo-instruct-0914": 0.6315000000000001,
            "davinci-002": 0.842,
            "text-davinci-003": 9.0
        }
    },
    "CP": {
        "ptb64": {
            "gpt-3.5-turbo-0613": 0.2867475,
            "gpt-4-0613": 5.7349499999999995,
            "gpt-3.5-turbo-0301": 0.2867475,
            "gpt-3.5-turbo-instruct-0914": 0.2867475,
            "davinci-002": 0.38233,
            "text-davinci-003": 4.082800000000001
        }
    }
}